,USER_ID,AVG_PERC,MAX_PERC,TOP3_AVG,NMOCKS,ATT,OK,ACC,AVG_ATT
1,302344,62.06370813,83.09541019,80.68,12,636,427,67.14,53
2,304203,95.45202936,99.65427831,98.91,5,379,281,74.14,75.8
5,307798,57.08030491,81.07034523,65.56,5,258,165,63.95,51.6
7,351294,49.71491539,89.94953743,75.48,13,790,445,56.33,60.76923077
9,624217,50.32710864,76.6045066,65.43,7,309,203,65.7,44.14285714
12,765540,76.13869777,94.42348008,88.65,9,505,352,69.7,56.11111111
17,924881,38.1581579,58.07404206,44.94,4,221,112,50.68,55.25
18,947955,48.56725843,57.89094979,53.45,4,271,144,53.14,67.75
20,971171,85.81245805,93.5960985,92.35,11,684,492,71.93,62.18181818
21,995813,45.37422964,59.09680207,54.89,6,258,159,61.63,43
22,1005075,30.47648998,54.44299957,43.15,7,364,186,51.1,52
24,1013540,30.98837227,47.92193712,44.25,8,372,190,51.08,46.5
27,1021074,22.62327613,36.6537021,30.99,6,253,127,50.2,42.16666667
28,1022121,32.47323679,53.50104822,38.06,5,223,125,56.05,44.6
29,1022744,62.82460354,86.66666667,81.95,9,526,319,60.65,58.44444444
30,1028708,89.08971569,97.10688053,96.06,8,540,396,73.33,67.5
32,1052625,71.15154242,91.42464962,85.26,12,802,488,60.85,66.83333333
33,1054079,75.11514548,91.33473096,89.78,14,899,583,64.85,64.21428571
34,1054840,55.85872646,64.57460638,63.14,8,393,250,63.61,49.125
35,1059703,47.41279237,69.95807128,63.67,12,595,359,60.34,49.58333333
36,1059803,62.19071514,84.13281475,76.62,7,492,246,50,70.28571429
37,1063294,63.01224259,78.77707897,77.3,12,493,405,82.15,41.08333333
39,1069203,28.43053635,40.99243061,38.99,10,396,224,56.57,39.6
40,1071700,53.99774164,65.7079646,58.67,4,183,127,69.4,45.75
42,1087835,69.51089826,80.73233131,77.67,7,403,269,66.75,57.57142857
43,1096423,90.75243384,96.92699745,95.81,11,816,532,65.2,74.18181818
44,1099379,59.53468609,75.89052288,66.71,5,227,154,67.84,45.4
45,1103838,58.00982177,82.19910418,63.56,5,295,188,63.73,59
46,1105482,74.72805982,93.70017196,87.92,10,666,404,60.66,66.6
48,1108388,79.90210888,90.17044634,89.01,7,450,299,66.44,64.28571429
49,1110313,40.77372589,83.76068376,63.04,13,679,384,56.55,52.23076923
51,1113768,62.74081989,92.05128205,81.45,15,911,552,60.59,60.73333333
52,1116676,52.39580083,64.65297557,60.3,7,385,221,57.4,55
53,1117784,45.04151307,60.27754415,57.69,13,630,376,59.68,48.46153846
58,1128676,71.14121391,91.07336465,89.36,13,766,493,64.36,58.92307692
59,1130202,83.45913807,96.2010689,92.81,11,710,504,70.99,64.54545455
60,1130561,68.71085527,96.9389225,90.57,10,607,402,66.23,60.7
61,1132851,25.79000323,40.59002239,35.6,6,239,136,56.9,39.83333333
62,1133480,78.51599095,90.11392595,89.48,14,806,574,71.22,57.57142857
65,1135725,27.84236805,38.3251634,34.52,5,186,107,57.53,37.2
66,1136975,96.95888476,99.25610285,99.05,6,429,334,77.86,71.5
67,1137039,34.84959263,54.92653414,46.85,8,305,206,67.54,38.125
68,1137975,31.07120574,62.0405311,38.48,4,172,100,58.14,43
69,1138603,29.78330783,49.2804677,37.39,5,187,110,58.82,37.4
70,1158551,73.21174168,90.23907963,86.67,6,363,255,70.25,60.5
71,1166100,95.89407424,99.25746444,99.13,10,723,550,76.07,72.3
72,1167246,69.22504145,82.61591795,81.64,14,894,546,61.07,63.85714286
73,1167254,54.65078566,73.10573322,67.02,9,388,274,70.62,43.11111111
75,1167906,56.81348179,82.05450734,76.07,8,424,250,58.96,53
76,1167953,77.43371088,98.0293501,93.23,10,667,429,64.32,66.7
77,1169153,91.63005032,95.97339565,95.74,10,668,478,71.56,66.8
78,1170908,80.57050769,97.31674412,92.02,14,847,595,70.25,60.5
79,1172031,55.51879872,90.17044634,76.96,13,621,421,67.79,47.76923077
80,1176047,56.44522126,90.17044634,85.2,10,602,349,57.97,60.2
81,1176686,47.75770179,66.73148948,63.82,11,555,330,59.46,50.45454545
83,1182905,43.32432666,57.6051274,54.4,5,215,142,66.05,43
84,1183546,74.87507665,99.32043492,87.13,6,393,272,69.21,65.5
86,1186253,91.39919321,99.85009744,99.82,7,510,380,74.51,72.85714286
87,1189552,49.98987241,61.13511956,52.07,4,195,114,58.46,48.75
88,1190552,78.46532675,97.13274592,94.19,13,848,555,65.45,65.23076923
89,1191489,79.39535462,94.08106219,93.53,13,815,553,67.85,62.69230769
91,1193547,74.24153554,90.17044634,85.88,10,573,388,67.71,57.3
92,1194631,59.85998092,86.64138222,83.92,15,833,523,62.79,55.53333333
93,1198619,77.28069535,96.30924631,89.12,11,687,435,63.32,62.45454545
94,1199166,79.91338419,89.69980226,87.73,10,599,420,70.12,59.9
95,1199620,64.19454537,82.12411932,78.41,10,475,355,74.74,47.5
96,1199729,85.07609736,94.94940369,93.76,15,990,675,68.18,66
97,1199750,82.47452883,93.75,93.19,13,766,550,71.8,58.92307692
98,1201784,60.5802635,80.17676768,74.78,7,342,236,69.01,48.85714286
100,1202680,23.88267874,39.42276943,33.95,10,425,238,56,42.5
101,1205383,67.8016482,88.74320435,86.17,15,946,588,62.16,63.06666667
103,1206382,74.85613839,90.17044634,85.16,9,533,364,68.29,59.22222222
104,1206573,64.06986294,87.27272727,80.58,9,486,313,64.4,54
105,1207264,62.38028757,84.20026008,76.37,10,577,360,62.39,57.7
106,1207280,92.93056145,97.83990753,96.84,11,759,557,73.39,69
107,1207746,86.3466846,97.10688053,92.59,6,338,259,76.63,56.33333333
109,1209181,51.68946958,69.41633538,65.42,12,588,380,64.63,49
110,1211339,38.64571581,60.96681097,54.29,11,545,289,53.03,49.54545455
112,1215290,64.7253167,83.54940939,81.21,9,515,328,63.69,57.22222222
113,1215882,59.67469131,82.96551724,77.4,15,765,512,66.93,51
114,1219137,26.31191691,51.76645302,29.65,4,197,101,51.27,49.25
115,1219910,72.51713086,88.87334887,87.19,12,699,477,68.24,58.25
116,1221017,76.84084517,92.19165234,88.75,11,678,439,64.75,61.63636364
117,1221332,58.67727979,73.64086984,64.01,5,274,189,68.98,54.8
118,1221913,83.63982421,95.6044724,95.2,14,1015,615,60.59,72.5
119,1224328,68.51624938,83.12091503,82.82,12,750,465,62,62.5
120,1226166,80.05108697,93.23270259,91.74,11,690,451,65.36,62.72727273
121,1232806,60.55358903,86.18492618,80.72,12,675,430,63.7,56.25
122,1236611,47.04552615,66.73148948,60.99,7,362,211,58.29,51.71428571
125,1241527,88.86866221,97.88961039,96.02,14,1057,676,63.95,75.5
126,1242735,79.84278662,94.79256698,92.26,15,911,638,70.03,60.73333333
128,1246206,30.45755375,48.85132206,41.68,10,459,250,54.47,45.9
130,1246750,57.24098676,87.89253817,76.49,7,486,265,54.53,69.42857143
132,1248814,89.3780832,98.38942655,96.53,14,926,660,71.27,66.14285714
133,1248915,31.85344342,56.80364567,47.88,11,438,281,64.16,39.81818182
134,1249306,91.20826784,99.73798338,98.18,11,825,559,67.76,75
135,1249683,48.64282317,73.99891775,68.15,13,485,365,75.26,37.30769231
137,1251373,24.77789906,36.85161104,34.02,8,293,169,57.68,36.625
138,1251762,61.21205171,77.54586162,76.32,11,564,384,68.09,51.27272727
140,1252718,76.74114585,96.78921569,94.44,13,838,553,65.99,64.46153846
141,1253032,84.78476477,97.90356394,92.31,6,332,260,78.31,55.33333333
142,1253711,66.0560299,71.72413793,67.29,4,232,150,64.66,58
143,1254105,65.00097893,91.74703005,87.71,12,700,434,62,58.33333333
144,1254784,45.84744609,86.68115725,61.97,7,342,196,57.31,48.85714286
145,1255633,59.58705668,83.38744589,81.41,9,655,343,52.37,72.77777778
146,1255921,31.12953644,36.85161104,33.14,4,171,100,58.48,42.75
148,1257172,56.21774112,91.07336465,88.63,15,863,494,57.24,57.53333333
149,1257748,49.57189124,68.1643748,57.3,5,275,172,62.55,55
150,1260056,46.74678532,57.82897588,51.99,5,245,140,57.14,49
151,1261436,33.60410875,53.41103341,51.55,11,568,284,50,51.63636364
153,1262738,54.35834044,83.9231547,70.76,9,506,299,59.09,56.22222222
154,1263249,65.67280219,90.35580524,80.19,7,451,270,59.87,64.42857143
156,1267653,59.8725463,70.76797386,69,13,641,435,67.86,49.30769231
157,1267964,93.62245886,99.45492662,98.96,11,870,584,67.13,79.09090909
158,1268920,45.45452667,63.248557,60.86,8,354,225,63.56,44.25
159,1269311,39.81298183,55.86119023,53.83,5,232,127,54.74,46.4
160,1269351,44.71339633,72.17560218,60.71,8,414,236,57,51.75
161,1269376,66.95070875,78.37384074,70.35,4,262,151,57.63,65.5
162,1269399,69.04214419,91.2745098,78.47,6,312,222,71.15,52
167,1279076,68.55625249,86.68115725,83.94,13,664,474,71.39,51.07692308
168,1279473,60.54584914,83.29481439,78.42,11,543,369,67.96,49.36363636
169,1279532,34.4081898,42.46680643,37.24,4,183,97,53.01,45.75
170,1279557,85.62651122,96.41955267,95.58,12,758,546,72.03,63.16666667
171,1279740,56.03614008,88.87085137,87.33,13,648,435,67.13,49.84615385
172,1279860,71.16550536,89.24828334,84.82,6,347,225,64.84,57.83333333
173,1279915,28.33192784,56.75990676,40.97,8,313,191,61.02,39.125
174,1279922,73.44776778,92.45240594,87.25,14,793,542,68.35,56.64285714
175,1280550,51.73986289,68.46261356,63.61,9,476,278,58.4,52.88888889
176,1280845,73.59256908,90.55735931,87.91,12,739,487,65.9,61.58333333
177,1281327,52.54005952,63.03104575,61.03,8,369,227,61.52,46.125
179,1282470,85.16218851,97.67156863,95.86,12,833,552,66.27,69.41666667
180,1282871,90.06250226,97.95447998,96.75,15,1067,721,67.57,71.13333333
182,1309197,62.62513453,76.6045066,75.85,13,615,437,71.06,47.30769231
184,1313184,56.85689963,75.63959066,64.73,5,259,167,64.48,51.8
185,1319488,32.13775264,43.30538085,37.55,4,166,100,60.24,41.5
186,1321698,81.72878759,93.9529016,91.64,9,565,399,70.62,62.77777778
187,1322307,69.96992322,87.90560472,82.98,6,356,239,67.13,59.33333333
189,1328918,32.38977616,50.91027308,48.63,10,467,269,57.6,46.7
190,1329130,59.37392597,77.50712037,76.53,9,500,318,63.6,55.55555556
191,1330248,48.85602987,73.91608392,62.02,12,630,377,59.84,52.5
192,1330973,91.95468325,97.83390796,96.86,8,570,388,68.07,71.25
193,1331325,43.65731869,69.91830065,64.4,9,443,270,60.95,49.22222222
194,1331348,76.37809905,91.14357864,87,8,499,315,63.13,62.375
195,1331707,87.55462337,98.28109201,95.85,14,862,640,74.25,61.57142857
196,1331876,64.04929472,83.75801157,78.09,9,591,321,54.31,65.66666667
197,1331944,24.54999005,43.58197358,29.54,4,145,84,57.93,36.25
198,1332143,51.21436426,64.12179256,55.58,5,270,153,56.67,54
200,1333206,69.67526649,94.14215686,89.8,12,748,476,63.64,62.33333333
202,1334070,57.88248187,87.69392034,86.45,8,358,245,68.44,44.75
203,1334605,27.44300716,47.22680258,39.8,8,353,183,51.84,44.125
205,1335733,50.93786565,79.30212397,70.16,12,562,365,64.95,46.83333333
207,1336141,66.53368502,83.54940939,81.41,14,760,499,65.66,54.28571429
208,1336262,41.85675159,76.24737945,56.76,10,516,292,56.59,51.6
210,1337482,51.03038589,81.82146468,70.35,15,740,474,64.05,49.33333333
211,1337953,52.76474272,83.9231547,79.89,14,718,450,62.67,51.28571429
212,1338039,91.35729442,95.89646465,95.15,8,522,373,71.46,65.25
213,1338053,95.63256792,98.79901961,98.14,12,827,630,76.18,68.91666667
216,1341189,85.41305042,95.6044724,93.43,13,768,568,73.96,59.07692308
217,1341627,88.73956974,98.73609707,97.93,13,818,617,75.43,62.92307692
218,1341900,44.61841992,54.65843364,53.1,8,327,234,71.56,40.875
219,1341904,31.54651033,92.86949006,59.73,10,452,256,56.64,45.2
223,1344778,41.60366995,52.72002501,49.53,7,405,210,51.85,57.85714286
224,1345007,68.82890492,89.80772237,86.67,11,696,438,62.93,63.27272727
225,1345154,30.323458,60.96348096,47.18,13,523,323,61.76,40.23076923
227,1346155,62.17383947,81.93439865,77.12,11,714,407,57,64.90909091
228,1346542,18.89491682,31.25816993,22.73,7,290,152,52.41,41.42857143
229,1347055,47.98814794,85.41486603,56.55,6,309,200,64.72,51.5
230,1347175,69.25635123,89.02166317,82.82,10,615,391,63.58,61.5
231,1347339,47.15726877,64.57460638,62.42,9,433,271,62.59,48.11111111
232,1347369,74.27642585,93.65698598,87.23,8,498,312,62.65,62.25
233,1347400,59.79888708,79.96254682,73.19,7,431,244,56.61,61.57142857
235,1348047,42.06386609,84.83660131,70.25,6,185,133,71.89,30.83333333
236,1349026,44.70284184,62.35735953,59.13,9,539,290,53.8,59.88888889
240,1349406,63.96440453,74.8157469,73.61,6,372,237,63.71,62
241,1349439,28.60278787,50.14705882,33.59,4,157,83,52.87,39.25
242,1349455,63.60837044,85.62548563,77.75,9,475,317,66.74,52.77777778
243,1349461,60.27275058,89.24495857,83.85,13,740,442,59.73,56.92307692
244,1349608,67.00416019,88.87334887,84.47,9,529,348,65.78,58.77777778
245,1349615,62.1240468,85.41486603,82,13,583,437,74.96,44.84615385
246,1349674,79.98562791,97.94934641,95.9,11,721,484,67.13,65.54545455
247,1349911,85.61503227,97.82758621,95.54,9,633,418,66.03,70.33333333
248,1352222,26.08950147,44.77078477,31.67,4,163,83,50.92,40.75
249,1354237,65.56998181,91.02833158,79.07,7,405,258,63.7,57.85714286
250,1354246,60.1830118,85.94856235,80.4,10,485,328,67.63,48.5
251,1354272,48.75985294,65.67922464,62.1,12,647,348,53.79,53.91666667
253,1357871,38.87730502,40.58154235,39.3,5,319,167,52.35,63.8
254,1357891,40.84704983,96.27943939,91.96,10,353,254,71.95,35.3
255,1357929,74.43650238,93.16949765,86.5,8,528,341,64.58,66
256,1357973,58.51299377,80.86809945,74.53,13,788,462,58.63,60.61538462
257,1358117,83.0124652,92.60620915,92.29,14,856,594,69.39,61.14285714
258,1358382,75.9477132,94.63758955,89.94,12,789,505,64.01,65.75
262,1365434,59.81130273,74.79409479,72.58,6,345,198,57.39,57.5
264,1366855,65.00893699,75.72649573,72.4,10,565,367,64.96,56.5
265,1366994,53.44074055,72.16524628,68.23,8,410,249,60.73,51.25
266,1367054,59.48099022,81.20994216,69.45,5,298,168,56.38,59.6
268,1367688,60.4373467,86.11351196,81.66,13,638,442,69.28,49.07692308
269,1367690,69.05888538,81.54168473,78.62,6,326,236,72.39,54.33333333
270,1367946,94.20407403,99.81222014,98.4,8,597,430,72.03,74.625
271,1368863,91.67164561,97.26085124,95.78,8,521,393,75.43,65.125
272,1368894,75.10137899,84.78339026,84.67,8,457,323,70.68,57.125
274,1377324,94.78479118,99.63273872,99.46,13,970,699,72.06,74.61538462
275,1377350,89.64031863,99.37931034,97.51,14,1020,688,67.45,72.85714286
276,1380298,39.40252936,78.77707897,61.14,7,355,188,52.96,50.71428571
277,1380649,50.88120578,78.47031634,69.08,11,492,343,69.72,44.72727273
279,1381946,80.66534573,92.29310345,89.81,11,693,471,67.97,63
285,1383582,54.86743993,89.38504542,85.87,11,567,374,65.96,51.54545455
286,1384544,82.37483081,96.41339869,94.77,6,378,276,73.02,63
288,1385622,56.06222902,93.15391085,68.71,6,358,207,57.82,59.66666667
289,1385679,44.39152027,58.41272695,56.7,10,519,309,59.54,51.9
290,1385872,75.24103568,93.93162393,85.49,7,421,291,69.12,60.14285714
291,1386614,80.69543383,93.9529016,92.01,15,1013,655,64.66,67.53333333
292,1387190,70.10380594,94.98366013,76.9,6,347,220,63.4,57.83333333
296,1389298,50.08253382,73.39979014,63.17,6,349,203,58.17,58.16666667
297,1390684,42.25335216,62.39697225,50.68,6,334,176,52.69,55.66666667
298,1393203,53.30150458,66.61669915,62.64,7,325,218,67.08,46.42857143
299,1393525,56.91688523,80.74042063,76.27,14,905,514,56.8,64.64285714
300,1393843,61.36531508,83.76068376,76.97,12,661,424,64.15,55.08333333
301,1394022,33.005464,83.30529857,57.26,6,301,158,52.49,50.16666667
302,1394180,74.10686506,93.91515369,92.65,13,829,534,64.41,63.76923077
303,1394381,23.61746204,29.86086014,28.77,5,255,130,50.98,51
304,1395345,60.68035814,85.79373104,72.17,5,242,166,68.6,48.4
305,1399129,57.56999634,95.27806925,82.82,11,549,373,67.94,49.90909091
307,1421952,49.01977683,62.14707122,59.12,5,276,176,63.77,55.2
308,1426104,36.35038567,53.41103341,50.85,8,435,230,52.87,54.375
309,1426335,31.82094858,49.20745921,44.2,7,255,155,60.78,36.42857143
311,1427098,67.3176579,89.30423509,86.72,14,799,525,65.71,57.07142857
312,1427248,59.99880853,73.10573322,70.34,13,771,458,59.4,59.30769231
314,1428203,88.63832697,99.13655261,96.66,15,1046,723,69.12,69.73333333
315,1428221,42.34549832,64.48412698,57.26,8,452,235,51.99,56.5
316,1428223,86.09183707,98.15850816,96.04,10,766,480,62.66,76.6
317,1428412,84.60094397,95.9826113,91.95,8,556,348,62.59,69.5
319,1431942,74.29147555,84.40198273,83.28,15,848,586,69.1,56.53333333
320,1433396,59.40043619,73.39979014,69.64,9,447,311,69.57,49.66666667
321,1433398,22.61958398,30.69643115,28.93,8,312,168,53.85,39
322,1433604,52.78118869,70.34177784,68.31,11,635,371,58.43,57.72727273
323,1433807,87.64033736,97.61664018,94.96,11,771,514,66.67,70.09090909
324,1433811,55.0767639,69.91830065,58.04,4,237,134,56.54,59.25
325,1434487,57.10789222,81.4894843,75.22,14,690,458,66.38,49.28571429
326,1435043,53.7311434,82.05450734,75.79,12,578,388,67.13,48.16666667
327,1435329,70.73589123,87.82439782,84.72,15,737,551,74.76,49.13333333
329,1436473,79.96525179,98.52550664,94.8,15,978,647,66.16,65.2
330,1436475,78.27200017,93.27586207,89.65,14,842,571,67.81,60.14285714
331,1436694,88.13773972,96.24947324,95.72,13,838,601,71.72,64.46153846
332,1436887,91.10268961,98.66343599,98.54,14,991,706,71.24,70.78571429
333,1437232,63.50185804,85.53440264,77.99,10,564,360,63.83,56.4
334,1437705,42.60012939,65.24109015,58.97,7,340,194,57.06,48.57142857
335,1438568,60.07779686,79.24949582,74.74,9,539,322,59.74,59.88888889
336,1438575,41.82545149,55.97090176,51.09,5,265,145,54.72,53
337,1439193,59.54126072,78.93119472,72,10,457,335,73.3,45.7
338,1574666,35.52195031,52.72002501,51.9,11,542,307,56.64,49.27272727
339,1606126,76.83774764,96.13881507,91.3,14,956,584,61.09,68.28571429
340,1688075,95.0608442,99.37839938,97.52,7,494,364,73.68,70.57142857
341,1701069,84.94901576,92.60620915,91.49,8,520,346,66.54,65
342,1703514,81.79679201,96.86147186,93.8,15,1089,686,62.99,72.6
343,1703553,64.397158,93.91515369,85.38,10,705,406,57.59,70.5
344,1703644,37.91737647,59.34640523,50.55,7,268,183,68.28,38.28571429
345,1703942,44.98318716,61.13511956,55.25,6,312,185,59.29,52
346,1705791,41.43321444,63.97919376,54.97,7,331,209,63.14,47.28571429
347,1707310,46.69085594,84.32189542,70.96,13,613,392,63.95,47.15384615
348,1707324,76.62504171,89.59988444,89.27,14,872,578,66.28,62.28571429
351,1709801,75.19005305,95.00216669,93.61,14,829,566,68.28,59.21428571
352,1713627,87.66330574,97.67316017,96.88,13,813,604,74.29,62.53846154
353,1716461,19.92217639,30.69643115,26.96,9,274,170,62.04,30.44444444
354,1717483,55.96031185,81.38888889,73.83,13,570,421,73.86,43.84615385
355,1717593,30.51706477,57.89094979,49.7,9,411,221,53.77,45.66666667
356,1741682,46.72553795,73.03914488,65.91,12,700,381,54.43,58.33333333
357,1741928,69.74513741,92.20353238,87.95,15,776,554,71.39,51.73333333
358,1742553,89.72410683,95.86042479,95.82,8,533,390,73.17,66.625
359,1748986,79.81708027,90.23907963,86.24,11,700,467,66.71,63.63636364
361,1753675,75.46273305,86.03271616,80.91,6,363,245,67.49,60.5
362,1765677,34.68001143,46.45146162,37.76,4,220,125,56.82,55
363,1765802,43.28839065,75.63959066,64.36,13,632,391,61.87,48.61538462
364,1766039,80.31914072,89.70649895,89.02,10,625,425,68,62.5
366,1768298,86.26664727,98.71732026,96.74,8,540,385,71.3,67.5
367,1768555,78.83849384,87.81862745,86.6,13,708,525,74.15,54.46153846
368,1768686,97.83821616,99.7392767,99.56,6,510,354,69.41,85
369,1770591,71.18526906,84.76663786,83.75,10,493,358,72.62,49.3
371,1770784,41.97265974,70.5225453,62.61,10,553,309,55.88,55.3
372,1772805,53.14605945,83.51071803,68.64,5,280,164,58.57,56
374,1776155,79.97976916,88.40503673,87.07,8,533,332,62.29,66.625
375,1778788,30.1951027,48.76633987,35.06,5,220,118,53.64,44
376,1783330,74.98849046,91.80866031,88.51,13,793,531,66.96,61
377,1784390,48.17082372,65.67239636,61.64,13,601,372,61.9,46.23076923
378,1786520,74.48185355,99.325748,90.12,14,816,555,68.01,58.28571429
380,1786815,84.57424469,99.37839938,94.78,8,536,369,68.84,67
381,1787645,69.64100842,89.83354404,79.94,6,383,242,63.19,63.83333333
384,1791420,66.09176459,89.02166317,84.04,14,942,548,58.17,67.28571429
385,1792221,73.57010952,93.33188846,92.12,13,658,502,76.29,50.61538462
386,1794458,63.12526867,88.87085137,84.57,14,921,530,57.55,65.78571429
387,1794802,76.72340702,89.56699346,84.27,14,810,568,70.12,57.85714286
388,1796018,97.71216839,99.63859776,99.55,12,972,686,70.58,81
389,1796087,32.38652279,59.05938448,46.64,10,487,258,52.98,48.7
390,1796107,91.6924678,97.67156863,96.23,7,476,342,71.85,68
391,1796113,72.95854888,90.75010535,88.89,11,690,447,64.78,62.72727273
392,1796126,27.81576724,62.11219336,41.55,7,354,178,50.28,50.57142857
393,1796759,91.96116377,98.62488008,96.8,11,839,559,66.63,76.27272727
394,1796909,83.47608124,94.24242424,90.74,12,663,513,77.38,55.25
395,1797980,36.33309053,49.20745921,45.92,8,384,217,56.51,48
396,1799261,51.15887535,75.38980194,67.38,10,510,320,62.75,51
398,1799857,53.2016725,73.64086984,66.53,8,476,277,58.19,59.5
400,1800713,90.29251224,97.3217141,96.7,8,519,391,75.34,64.875
402,1802156,57.17137902,80.64542484,72.83,11,517,364,70.41,47
403,1805467,88.93529327,98.53632093,97.19,10,685,486,70.95,68.5
405,1805676,73.18811611,94.78715729,90.02,14,823,554,67.31,58.78571429
407,1808144,61.0103432,84.78543563,82.36,13,852,481,56.46,65.53846154
408,1808875,46.99601456,66.70518561,56.84,6,344,178,51.74,57.33333333
409,1809325,62.78576197,80.80808081,76.57,14,1013,522,51.53,72.35714286
410,1810994,71.14961629,87.19838174,84.46,10,616,397,64.45,61.6
411,1812198,66.63618627,89.76654941,87.52,9,496,347,69.96,55.11111111
412,1813290,95.50820604,99.46971059,99.06,12,800,631,78.88,66.66666667
413,1813741,54.26505562,72.31658836,65.08,5,322,184,57.14,64.4
414,1814006,50.81098916,76.38010957,73.25,15,864,483,55.9,57.6
415,1814217,52.25868406,86.9047619,69.17,9,423,289,68.32,47
416,1814232,61.6972653,73.71044647,69.96,7,438,262,59.82,62.57142857
418,1818748,97.48833574,99.25746444,99.17,7,546,401,73.44,78
419,1819636,83.75791868,90.55735931,90.34,9,525,377,71.81,58.33333333
420,1820047,90.25247717,98.62484271,96.87,8,560,399,71.25,70
421,1821973,55.32408664,73.94129979,68.58,10,479,334,69.73,47.9
422,1822398,76.50427634,99.48721652,98.11,15,786,614,78.12,52.4
423,1822491,16.36721425,24.21355384,22.41,5,192,105,54.69,38.4
425,1824877,94.67312855,99.38672439,99.21,11,782,578,73.91,71.09090909
426,1824935,59.51401962,78.93119472,74.38,9,463,310,66.95,51.44444444
427,1827231,47.38750666,64.8372227,63.43,8,454,250,55.07,56.75
428,1828537,98.60085217,99.89506821,99.86,7,502,400,79.68,71.71428571
430,1830882,80.94258276,95.83508036,95.39,15,947,644,68,63.13333333
431,1832379,59.15064244,81.38888889,73.41,8,356,248,69.66,44.5
432,1832511,91.07423813,99.51743014,99.31,15,1112,780,70.14,74.13333333
434,1835124,44.3464868,58.31586303,56.4,11,635,336,52.91,57.72727273
435,1838322,46.33109671,71.59090909,66.74,14,726,423,58.26,51.85714286
436,1838432,70.33124528,92.19165234,87.3,14,820,542,66.1,58.57142857
438,1840315,40.59394933,61.64742917,55.41,7,353,215,60.91,50.42857143
439,1840752,60.58250114,85.5,76,13,799,477,59.7,61.46153846
440,1841582,49.46490767,64.57460638,61.04,7,409,237,57.95,58.42857143
441,1842172,49.07141862,71.30472475,60.06,5,289,168,58.13,57.8
443,1844438,63.20442032,79.12996585,76.91,8,436,289,66.28,54.5
446,1850937,36.10151194,59.63873482,52.16,13,643,335,52.1,49.46153846
447,1851088,39.06056283,56.75990676,53.52,10,586,301,51.37,58.6
448,1851288,57.35123202,82.92154313,76.28,8,438,266,60.73,54.75
449,1851910,75.1350991,93.27586207,90.57,13,751,522,69.51,57.76923077
450,1853050,64.32206547,87.09794001,85.17,13,763,487,63.83,58.69230769
452,1855110,49.74409697,92.45240594,73.44,10,492,304,61.79,49.2
453,1855980,44.28155755,57.03687698,52.93,8,484,260,53.72,60.5
454,1860430,35.11224894,43.61548462,39.68,6,283,161,56.89,47.16666667
455,1860597,73.37371516,93.21678322,89.56,13,777,516,66.41,59.76923077
456,1862189,99.51210242,99.93783994,99.82,5,422,326,77.25,84.4
458,1864077,64.88361279,81.5478094,78.96,10,637,385,60.44,63.7
460,1865120,54.40608086,74.59226095,68.48,12,598,387,64.72,49.83333333
461,1866517,91.1066648,98.73609707,97.74,15,1088,742,68.2,72.53333333
462,1867881,59.41209818,83.38744589,76.26,9,574,322,56.1,63.77777778
463,1868475,79.38215334,92.25545441,90.37,7,359,280,77.99,51.28571429
464,1868795,46.11009603,72.17560218,62.1,8,418,241,57.66,52.25
467,1875189,60.06744967,86.51960784,79.43,13,824,458,55.58,63.38461538
468,1875962,92.40461317,96.44827586,94.66,5,327,249,76.15,65.4
469,1876703,86.42058053,97.11178335,95.04,11,754,491,65.12,68.54545455
470,1876728,92.23869278,98.71017871,98.31,14,1128,724,64.18,80.57142857
471,1877173,74.86467524,98.24134199,92.55,15,990,601,60.71,66
474,1877727,19.87836747,51.96629213,44.12,15,618,309,50,41.2
475,1879398,83.23564708,97.48631518,94.66,13,817,571,69.89,62.84615385
478,1883657,38.59774086,56.58120994,44.66,6,318,173,54.4,53
479,1885369,66.26347912,82.66610597,80.45,15,756,540,71.43,50.4
480,1885839,74.63280746,91.72077922,89.47,15,1024,605,59.08,68.26666667
481,1886196,58.34658296,88.34498834,80.79,12,553,387,69.98,46.08333333
483,1887550,49.5659691,74.28921569,69.08,8,380,239,62.89,47.5
484,1887895,71.86322626,86.04087653,85.01,6,417,257,61.63,69.5
485,1888634,54.60459717,69.42316711,68.18,14,756,463,61.24,54
486,1889627,74.41074101,91.64724165,87.92,15,824,588,71.36,54.93333333
488,1893174,20.04355044,36.96374404,27.37,7,316,163,51.58,45.14285714
489,1898379,73.21668715,95.28370076,87.05,5,283,214,75.62,56.6
490,1905446,59.4944115,88.2034632,79,11,633,388,61.3,57.54545455
492,1906644,72.22494363,88.09095812,84.08,15,998,599,60.02,66.53333333
496,1917660,48.7333823,71.36437174,65.55,14,883,459,51.98,63.07142857
497,1917703,85.0349956,99.18879056,96.75,8,506,380,75.1,63.25
498,1918688,77.6806732,97.98275862,97.52,10,633,448,70.77,63.3
499,1919327,82.52705169,96.42628718,94.15,15,1106,682,61.66,73.73333333
500,1920995,76.54415386,92.25545441,88.66,9,604,382,63.25,67.11111111
501,1922269,69.96855641,93.20510516,86.48,6,354,235,66.38,59
504,1924259,92.64467473,97.48631518,96.61,8,541,384,70.98,67.625
505,1925912,52.40678216,84.74348192,75,14,713,457,64.1,50.92857143
506,1927199,73.06550238,95.72439694,88.51,10,560,402,71.79,56
508,1930232,74.73574414,85.41486603,82.99,7,387,272,70.28,55.28571429
509,1931826,94.67734321,98.59477124,98.21,14,1014,720,71.01,72.42857143
510,1932902,81.93965122,95.33892383,92.7,12,769,533,69.31,64.08333333
511,1933044,51.65114199,64.36757512,60.92,5,277,175,63.18,55.4
513,1935116,57.50720946,78.09129279,69.11,6,347,206,59.37,57.83333333
516,1937373,95.19454334,99.57792715,99.28,12,815,622,76.32,67.91666667
517,1937763,74.69284668,87.89253817,85.69,7,364,260,71.43,52
518,1940255,26.74899499,38.19955229,32.23,5,212,127,59.91,42.4
519,1940525,87.22588106,96.42628718,95.01,6,415,290,69.88,69.16666667
521,1941084,67.33018959,87.27272727,82.04,12,666,434,65.17,55.5
523,1941939,65.50243736,87.22455845,85.64,12,714,448,62.75,59.5
524,1942029,68.14727979,84.912307,72.71,5,287,190,66.2,57.4
525,1942177,75.74291436,93.75,92.02,7,373,271,72.65,53.28571429
526,1942423,50.93923604,60.09795448,58,4,224,131,58.48,56
528,1943465,51.79771252,73.35651075,68.01,10,582,338,58.08,58.2
529,1943475,96.0046332,99.30846931,99.07,11,842,612,72.68,76.54545455
530,1943971,74.01826821,83.62230891,82.4,6,325,226,69.54,54.16666667
531,1944022,91.4272961,98.52507375,97.21,11,785,550,70.06,71.36363636
532,1944942,88.2751272,95.34026875,94.51,8,511,372,72.8,63.875
534,1945169,72.58543145,89.92591254,89.45,15,859,585,68.1,57.26666667
535,1945951,87.958782,99.44035817,98.41,9,603,435,72.14,67
